Rank_2018,City,State,Est_Census_2018,Landarea_2016,Pop_Density_2016,Latitude,Longitude,Census_1880,Census_1890,Census_1900,Census_1910,Census_1920,Census_1930,Census_1940,Census_1950,Census_1960,Census_1970,Census_1980,Census_1990,Census_2000,Census_2010,Census_2017
1, New York City,  New York,8398748,780.9,10933,40.6635,-73.9387,1911698.0,2507414.0,3437202.0,4766883.0,5620048.0,6930446.0,7454995.0,7891957.0,7781984.0,7894862.0,7071639.0,7322564.0,8008278.0,8175133.0,
2, Los Angeles,  California,3990456,1213.9,3276,34.0194,-118.4108,11183.0,50395.0,102479.0,319198.0,576673.0,1238048.0,1504277.0,1970358.0,2479015.0,2811801.0,2968528.0,3485398.0,3694820.0,3792621.0,
3, Chicago,  Illinois,2705994,588.7,4600,41.8376,-87.6818,503185.0,1099850.0,1698575.0,2185283.0,2701705.0,3376438.0,3396808.0,3620962.0,3550404.0,3366957.0,3005072.0,2783726.0,2896016.0,2695598.0,
4, Houston,  Texas,2325502,1651.1,1395,29.7866,-95.3909,16513.0,27557.0,44633.0,78800.0,138276.0,292352.0,384514.0,596163.0,938219.0,1232802.0,1595138.0,1630553.0,1953631.0,2100263.0,2312717.0
5, Phoenix,  Arizona,1660272,1340.6,1200,33.5722,-112.0901,1708.0,3152.0,5544.0,11314.0,29053.0,48118.0,65414.0,106818.0,439170.0,581572.0,789704.0,983403.0,1321045.0,1445632.0,
6, Philadelphia,  Pennsylvania,1584138,347.6,4511,40.0094,-75.1333,847170.0,1046964.0,1293697.0,1549008.0,1823779.0,1950961.0,1931334.0,2071605.0,2002512.0,1948609.0,1688210.0,1585577.0,1517550.0,1526006.0,
7, San Antonio,  Texas,1532233,1194.0,1250,29.4724,-98.5251,20550.0,37673.0,53321.0,96614.0,161379.0,231542.0,253854.0,408442.0,587718.0,654153.0,785940.0,935933.0,1144646.0,1327407.0,1511946.0
8, San Diego,  California,1425976,842.3,1670,32.8153,-117.1350,2637.0,16159.0,17700.0,39578.0,74361.0,147995.0,203341.0,334387.0,573224.0,696769.0,875538.0,1110549.0,1223400.0,1307402.0,1419516.0
9, Dallas,  Texas,1345047,882.9,1493,32.7933,-96.7665,10358.0,38069.0,42639.0,92104.0,158976.0,269475.0,294734.0,434462.0,679684.0,844401.0,904078.0,1006977.0,1188580.0,1197816.0,1341075.0
10, San Jose,  California,1030119,459.7,2231,37.2967,-121.8189,12567.0,18060.0,21500.0,28946.0,39642.0,57651.0,68457.0,95280.0,204196.0,459913.0,629400.0,782248.0,894943.0,945942.0,
11, Austin,  Texas,964254,809.9,1170,30.3039,-97.7544,11013.0,14575.0,22258.0,29860.0,34876.0,53120.0,87930.0,132459.0,186545.0,253539.0,345890.0,465622.0,656562.0,790390.0,
12, Jacksonville,  Florida,903889,1935.8,455,30.3369,-81.6616,7650.0,17201.0,28429.0,57699.0,91558.0,129549.0,173065.0,204275.0,201030.0,528865.0,540920.0,635230.0,735503.0,821784.0,892062.0
13, Fort Worth,  Texas,895008,888.1,962,32.7815,-97.3467,6663.0,23076.0,26668.0,73312.0,106482.0,163447.0,177662.0,278778.0,356268.0,393476.0,385164.0,447619.0,534697.0,741206.0,874168.0
14, Columbus,  Ohio,892533,565.9,1520,39.9852,-82.9848,51647.0,88150.0,125560.0,181511.0,237031.0,290564.0,306087.0,375901.0,471316.0,539677.0,564871.0,632910.0,711470.0,787033.0,
15, San Francisco,  California,883305,121.5,7170,37.7272,-123.0322,233959.0,298997.0,342782.0,416912.0,506676.0,634394.0,634536.0,775357.0,740316.0,715674.0,678974.0,723959.0,776733.0,805235.0,
16, Charlotte,  North Carolina,872498,791.0,1064,35.2078,-80.8310,7094.0,11557.0,18091.0,34014.0,46338.0,82675.0,100899.0,134042.0,201564.0,241420.0,315474.0,395934.0,540828.0,731424.0,859035.0
17, Indianapolis,  Indiana,867125,936.3,914,39.7767,-86.1459,75056.0,105436.0,169164.0,233650.0,314194.0,364161.0,386972.0,427173.0,476258.0,744624.0,700807.0,731327.0,781926.0,820445.0,863002.0
18, Seattle,  Washington,744955,217.0,3245,47.6205,-122.3509,3533.0,42837.0,80671.0,237194.0,315312.0,365583.0,368302.0,467591.0,557087.0,530831.0,493846.0,516259.0,563374.0,608660.0,
19, Denver,  Colorado,716492,397.0,1746,39.7619,-104.8811,35629.0,106713.0,133859.0,213381.0,256491.0,287861.0,322412.0,415765.0,493887.0,514678.0,492686.0,467610.0,554636.0,600158.0,
20, Washington D.C.,  District of Columbia,702455,158.2,4304,38.9041,-77.0172,177624.0,230392.0,278718.0,331069.0,437571.0,486869.0,663091.0,802178.0,763956.0,756510.0,638333.0,606900.0,572059.0,601723.0,
21, Boston,  Massachusetts,694583,125.1,5381,42.3320,-71.0202,362839.0,448477.0,560892.0,670585.0,748060.0,781188.0,770816.0,801444.0,697197.0,641071.0,562994.0,574283.0,589141.0,617594.0,
22, El Paso,  Texas,682669,665.1,1030,31.8484,-106.4270,736.0,10338.0,15906.0,39279.0,77560.0,102421.0,96810.0,130485.0,276687.0,339615.0,425259.0,515342.0,563662.0,649121.0,
23, Detroit,  Michigan,672662,359.5,1871,42.3830,-83.1022,116340.0,205876.0,285704.0,465766.0,993678.0,1568662.0,1623452.0,1849568.0,1670144.0,1514063.0,1203368.0,1027974.0,951270.0,713777.0,
24, Nashville,  Tennessee,669053,1232.6,536,36.1718,-86.7850,43350.0,76168.0,80865.0,110364.0,118342.0,153866.0,167402.0,174307.0,170874.0,448003.0,477811.0,510784.0,569891.0,626681.0,691243.0
25, Portland,  Oregon,653115,345.8,1851,45.5370,-122.6500,17577.0,46385.0,90426.0,207214.0,258288.0,301815.0,305394.0,373628.0,372676.0,382619.0,366383.0,437319.0,529121.0,583776.0,
26, Memphis,  Tennessee,650618,822.1,794,35.1028,-89.9774,33592.0,64495.0,102320.0,131105.0,162351.0,253143.0,292942.0,396000.0,497524.0,623988.0,646174.0,610337.0,650100.0,646889.0,
27, Oklahoma City,  Oklahoma,649021,1570.3,407,35.4671,-97.5137,,4151.0,10037.0,64205.0,91295.0,185389.0,204424.0,243504.0,324253.0,368164.0,404014.0,444719.0,506132.0,579999.0,
28, Las Vegas,  Nevada,644644,348.1,1818,36.2292,-115.2601,,,25.0,800.0,2304.0,5165.0,8422.0,24624.0,64405.0,125787.0,164674.0,258295.0,478434.0,583756.0,648224.0
29, Louisville,  Kentucky,620118,682.5,903,38.1654,-85.6474,123758.0,161129.0,204731.0,223928.0,234891.0,307745.0,319077.0,369129.0,390639.0,361706.0,298694.0,269063.0,256231.0,597337.0,621349.0
30, Baltimore,  Maryland,602495,209.5,2934,39.3000,-76.6105,332313.0,434439.0,508957.0,558485.0,733826.0,804874.0,859100.0,949708.0,939024.0,905787.0,786741.0,736016.0,651154.0,620961.0,
31, Milwaukee,  Wisconsin,592025,249.2,2388,43.0633,-87.9667,115587.0,204468.0,285315.0,373857.0,457147.0,578249.0,587472.0,637392.0,741324.0,717099.0,636212.0,628088.0,596974.0,594833.0,595351.0
32, Albuquerque,  New Mexico,560218,487.4,1147,35.1056,-106.6474,2315.0,3785.0,6238.0,11020.0,15157.0,26570.0,35449.0,96815.0,201189.0,244501.0,332920.0,384736.0,448607.0,545852.0,558545.0
33, Tucson,  Arizona,545975,597.8,888,32.1531,-110.8706,7007.0,5150.0,7531.0,13193.0,20292.0,32506.0,35752.0,45454.0,212892.0,262933.0,330537.0,405371.0,486699.0,520116.0,535677.0
34, Fresno,  California,530093,296.3,1762,36.7836,-119.7934,1112.0,10818.0,12470.0,24892.0,45086.0,52513.0,60685.0,91669.0,133929.0,165655.0,217491.0,354202.0,427652.0,494665.0,527438.0
35, Mesa,  Arizona,508958,357.2,1357,33.4019,-111.7174,,,722.0,1692.0,3036.0,3711.0,7224.0,16790.0,33772.0,63049.0,152404.0,288104.0,396375.0,439041.0,
36, Sacramento,  California,508529,253.6,1953,38.5666,-121.4686,21420.0,26386.0,29282.0,44696.0,65908.0,93750.0,105958.0,137572.0,191667.0,257105.0,275741.0,369365.0,407018.0,466488.0,
37, Atlanta,  Georgia,498044,345.8,1366,33.7629,-84.4227,37409.0,65533.0,89872.0,154839.0,200616.0,270366.0,302288.0,331314.0,487455.0,495039.0,425022.0,394017.0,416474.0,420003.0,486290.0
38, Kansas City,  Missouri,491918,815.8,590,39.1251,-94.5510,55785.0,132716.0,163752.0,248381.0,324410.0,399746.0,400178.0,456622.0,475539.0,507087.0,448159.0,435146.0,441545.0,459787.0,
39, Colorado Springs,  Colorado,472688,506.6,918,38.8673,-104.7607,4226.0,11140.0,21085.0,29078.0,30105.0,33237.0,36789.0,45472.0,70194.0,135517.0,215105.0,281140.0,360890.0,416427.0,464474.0
40, Miami,  Florida,470914,93.2,4865,25.7752,-80.2086,,,1681.0,5471.0,29571.0,110637.0,172172.0,249276.0,291688.0,334859.0,346681.0,358548.0,362470.0,399457.0,
41, Raleigh,  North Carolina,469298,375.8,1221,35.8306,-78.6418,9265.0,12678.0,13643.0,19218.0,24418.0,37379.0,46879.0,65679.0,93931.0,122830.0,150255.0,212092.0,276093.0,403892.0,
42, Omaha,  Nebraska,468262,345.0,1296,41.2644,-96.0451,30518.0,140452.0,102555.0,124096.0,191061.0,214006.0,223844.0,251117.0,301598.0,346929.0,313939.0,335795.0,390007.0,408958.0,466893.0
43, Long Beach,  California,467354,130.3,3609,33.8092,-118.1553,,564.0,2252.0,17809.0,55593.0,142032.0,164271.0,250767.0,334168.0,358879.0,361498.0,429433.0,461522.0,462257.0,469450.0
44, Virginia Beach,  Virginia,450189,633.8,710,36.7800,-76.0252,9394.0,9510.0,11192.0,11526.0,13626.0,16282.0,19984.0,42277.0,77127.0,,,,,,
45, Oakland,  California,429082,144.8,2901,37.7698,-122.2257,34555.0,48682.0,66960.0,150174.0,216261.0,284063.0,302163.0,384575.0,367548.0,361561.0,339337.0,372242.0,399484.0,390724.0,
46, Minneapolis,  Minnesota,425403,139.9,2960,44.9633,-93.2683,46887.0,164738.0,202718.0,301408.0,380582.0,464356.0,492370.0,521718.0,482872.0,434400.0,370951.0,368383.0,382618.0,382578.0,
47, Tulsa,  Oklahoma,400669,509.7,791,36.1279,-95.9023,,,1390.0,18182.0,72075.0,141258.0,142157.0,182740.0,261685.0,331638.0,360919.0,367302.0,393049.0,391906.0,
48, Arlington,  Texas,398112,248.1,1600,32.7007,-97.1247,163.0,664.0,1079.0,1794.0,3031.0,3661.0,4240.0,7692.0,44775.0,90643.0,160113.0,261721.0,332969.0,365438.0,396394.0
49, Tampa,  Florida,392890,293.7,1284,27.9701,-82.4797,720.0,5532.0,15839.0,37782.0,51608.0,101161.0,108391.0,124681.0,274970.0,277714.0,271523.0,280015.0,303447.0,335709.0,385430.0
50, New Orleans,  Louisiana,391006,438.7,892,30.0534,-89.9345,216090.0,242039.0,287104.0,339075.0,387219.0,458762.0,494537.0,570445.0,627525.0,593471.0,557515.0,496938.0,484674.0,343829.0,393292.0
51, Wichita,  Kansas,389255,415.4,939,37.6907,-97.3459,4911.0,23853.0,24671.0,52450.0,72217.0,111110.0,114966.0,168279.0,254698.0,276554.0,279272.0,304011.0,344284.0,382368.0,
52, Cleveland,  Ohio,383793,201.2,1917,41.4785,-81.6794,160146.0,261353.0,381768.0,560663.0,796841.0,900429.0,878336.0,914808.0,876050.0,750903.0,573822.0,505616.0,478403.0,396815.0,385525.0
53, Bakersfield,  California,383579,385.4,976,35.3212,-119.0183,801.0,2626.0,4836.0,12727.0,18638.0,26015.0,29252.0,34784.0,56848.0,69515.0,105611.0,174820.0,247057.0,347483.0,
54, Aurora,  Colorado,374114,397.6,910,39.6880,-104.6897,,,202.0,679.0,983.0,2295.0,3437.0,11421.0,48548.0,74974.0,158588.0,222103.0,276393.0,325078.0,366623.0
55, Anaheim,  California,352005,129.5,2711,33.8555,-117.7601,833.0,1273.0,1456.0,2628.0,5526.0,10995.0,11031.0,14556.0,104184.0,166408.0,219494.0,266406.0,328014.0,336265.0,
56, Honolulu,  Hawaii,347397,156.7,2245,21.3243,-157.8476,,22907.0,39306.0,52183.0,83327.0,137582.0,179326.0,248034.0,294194.0,324871.0,365048.0,365272.0,371657.0,390738.0,
57, Santa Ana,  California,332725,70.2,4762,33.7363,-117.8830,711.0,3628.0,4933.0,8429.0,15485.0,30322.0,31921.0,45533.0,100350.0,155710.0,204023.0,293742.0,337977.0,324528.0,334136.0
58, Riverside,  California,330063,210.3,1544,33.9381,-117.3932,,4683.0,7973.0,15212.0,19341.0,29696.0,34696.0,46764.0,84332.0,140089.0,170591.0,226505.0,255166.0,303871.0,327728.0
59, Corpus Christi,  Texas,326554,452.2,720,27.7543,-97.1734,3257.0,4387.0,4703.0,8222.0,10522.0,27741.0,57301.0,108287.0,167690.0,204525.0,231999.0,257453.0,277454.0,305215.0,325605.0
60, Lexington,  Kentucky,323780,734.5,434,38.0407,-84.4583,16656.0,21567.0,26369.0,35099.0,41534.0,45736.0,49304.0,55534.0,62810.0,108137.0,204165.0,225366.0,260512.0,295803.0,
61, Stockton,  California,311178,159.8,1922,37.9763,-121.3133,10282.0,14424.0,17506.0,23253.0,40296.0,47963.0,54714.0,70853.0,86321.0,109963.0,148283.0,210943.0,243771.0,291707.0,310496.0
62, Henderson,  Nevada,310390,271.2,1080,36.0097,-115.0357,,,,,,,,3643.0,12525.0,16395.0,24363.0,64942.0,175381.0,257729.0,307928.0
63, Saint Paul,  Minnesota,307695,134.7,2245,44.9489,-93.1041,41473.0,133156.0,163065.0,214744.0,234698.0,271606.0,287736.0,311349.0,313411.0,309980.0,270230.0,272235.0,287151.0,285068.0,306621.0
64, St. Louis,  Missouri,302838,160.6,1939,38.6357,-90.2446,350518.0,451770.0,575238.0,687029.0,772897.0,821960.0,816048.0,856796.0,750026.0,622236.0,453805.0,396685.0,348189.0,319294.0,308626.0
65, Cincinnati,  Ohio,302605,200.5,1490,39.1402,-84.5058,255139.0,296908.0,325902.0,363591.0,401247.0,451160.0,455610.0,503998.0,502550.0,452525.0,385460.0,364040.0,331285.0,296945.0,302605.0
66, Pittsburgh,  Pennsylvania,301048,143.5,2116,40.4398,-79.9766,156389.0,238617.0,321616.0,533905.0,588343.0,669817.0,671659.0,676806.0,604332.0,520117.0,423938.0,369879.0,334563.0,305704.0,
67, Greensboro,  North Carolina,294722,332.3,864,36.0951,-79.8270,2105.0,3317.0,10035.0,15895.0,19861.0,53569.0,59319.0,74389.0,119574.0,144076.0,155642.0,183894.0,223891.0,269666.0,290222.0
68, Anchorage,  Alaska,291538,4420.1,68,61.1743,-149.2843,,,,,1856.0,2277.0,3495.0,11254.0,44397.0,48081.0,174431.0,226338.0,260283.0,291826.0,
69, Plano,  Texas,288061,185.7,1540,33.0508,-96.7479,556.0,842.0,1304.0,1258.0,1715.0,1554.0,1582.0,2126.0,3695.0,17872.0,72331.0,128713.0,222030.0,259841.0,286143.0
70, Lincoln,  Nebraska,287401,238.5,1175,40.8105,-96.6803,13003.0,55164.0,40169.0,43973.0,54948.0,75933.0,81984.0,98884.0,128521.0,149518.0,171932.0,191972.0,225581.0,258379.0,
71, Orlando,  Florida,285713,272.5,1017,28.4166,-81.2736,,2856.0,2481.0,3894.0,9282.0,27330.0,36736.0,52367.0,88135.0,99006.0,128251.0,164693.0,185951.0,238300.0,280257.0
72, Irvine,  California,282572,169.9,1566,33.6784,-117.7713,,,,,,,,,,10081.0,62127.0,110330.0,143072.0,212375.0,277453.0
73, Newark,  New Jersey,282090,62.4,4514,40.7242,-74.1726,136508.0,181830.0,246070.0,347469.0,414524.0,442337.0,429760.0,438776.0,405220.0,381930.0,329248.0,275221.0,273546.0,277140.0,
74, Toledo,  Ohio,274975,209.0,1332,41.6641,-83.5819,50137.0,81434.0,131822.0,168497.0,243164.0,290718.0,282349.0,303616.0,318003.0,383818.0,354635.0,332943.0,313619.0,287208.0,276491.0
75, Durham,  North Carolina,274291,284.4,925,35.9811,-78.9029,2041.0,5485.0,6679.0,18241.0,21719.0,52037.0,60195.0,71311.0,78302.0,95438.0,101149.0,136611.0,187035.0,228330.0,267743.0
76, Chula Vista,  California,271651,128.5,2080,32.6277,-117.0152,,,,,1718.0,3869.0,5138.0,15927.0,42034.0,67901.0,83927.0,135163.0,173556.0,243916.0,270471.0
77, Fort Wayne,  Indiana,267633,286.5,923,41.0882,-85.1439,26880.0,35393.0,45115.0,63933.0,86549.0,114946.0,118410.0,133607.0,161776.0,178269.0,172196.0,173072.0,205727.0,253691.0,265904.0
78, Jersey City,  New Jersey,265549,38.3,6891,40.7114,-74.0648,120722.0,163003.0,206433.0,267779.0,298103.0,316715.0,301173.0,299017.0,276101.0,260350.0,223532.0,228537.0,240055.0,247597.0,
79, St. Petersburg,  Florida,265098,160.1,1631,27.7620,-82.6441,,273.0,1575.0,4127.0,14237.0,40425.0,60812.0,96738.0,181298.0,216159.0,238647.0,238629.0,248232.0,244769.0,263255.0
80, Laredo,  Texas,261639,261.8,982,27.5604,-99.4892,3521.0,11319.0,13429.0,14855.0,22710.0,32618.0,39274.0,51910.0,60678.0,69678.0,91449.0,122899.0,176576.0,236091.0,260654.0
81, Madison,  Wisconsin,258054,199.4,1270,43.0878,-89.4299,10324.0,13426.0,19164.0,25531.0,38378.0,57899.0,67447.0,96056.0,126706.0,171809.0,170616.0,191262.0,208054.0,233209.0,255214.0
82, Chandler,  Arizona,257165,168.1,1472,33.2829,-111.8549,,,,,,1378.0,1239.0,3799.0,9531.0,13763.0,29673.0,89862.0,176581.0,236123.0,253458.0
83, Buffalo,  New York,256304,104.6,2455,42.8925,-78.8597,155134.0,255664.0,352387.0,423715.0,506775.0,573076.0,575901.0,580132.0,532759.0,462768.0,357870.0,328123.0,292648.0,261310.0,258612.0
84, Lubbock,  Texas,255885,322.7,783,33.5656,-101.8867,,,,1938.0,4051.0,20520.0,31853.0,71747.0,128691.0,149101.0,173979.0,186206.0,199564.0,229573.0,253888.0
85, Scottsdale,  Arizona,255310,476.3,518,33.6843,-111.8611,,,,,1047.0,2761.0,,2032.0,10026.0,67823.0,88622.0,130075.0,202705.0,217385.0,249950.0
86, Reno,  Nevada,250998,277.9,883,39.5491,-119.8499,1362.0,3563.0,4500.0,10867.0,12016.0,18529.0,21317.0,32497.0,51470.0,72863.0,100756.0,133850.0,180480.0,225221.0,248853.0
87, Glendale,  Arizona,250702,153.1,1607,33.5331,-112.1899,,,,1000.0,2737.0,3665.0,4855.0,8179.0,15893.0,36228.0,97172.0,147864.0,218812.0,226721.0,246709.0
88, Gilbert,  Arizona,248279,176.1,1346,33.3103,-111.7431,,,,,865.0,791.0,837.0,1114.0,1833.0,1971.0,5717.0,29188.0,109697.0,208453.0,242354.0
89, Winston–Salem,  North Carolina,246328,343.2,706,36.1027,-80.2610,4194.0,10729.0,13650.0,22700.0,48395.0,75274.0,79815.0,87881.0,111135.0,133683.0,131885.0,143485.0,185776.0,229617.0,244605.0
90, North Las Vegas,  Nevada,245949,253.8,941,36.2857,-115.0939,,,,,,,3875.0,3875.0,18422.0,36216.0,42739.0,47707.0,115488.0,216961.0,249180.0
91, Norfolk,  Virginia,244076,138.0,1776,36.9230,-76.2446,21966.0,34871.0,46624.0,67452.0,115777.0,129710.0,144335.0,213513.0,305872.0,307951.0,266979.0,261229.0,234403.0,242803.0,244703.0
92, Chesapeake,  Virginia,242634,876.7,271,36.6794,-76.3018,58657.0,77038.0,50780.0,52744.0,57358.0,30082.0,35828.0,99537.0,51612.0,,,,,,240397.0
93, Garland,  Texas,242507,147.6,1592,32.9098,-96.6303,,478.0,819.0,804.0,1421.0,1584.0,2233.0,10571.0,38501.0,81437.0,138857.0,180650.0,215768.0,226876.0,238002.0
94, Irving,  Texas,242242,173.5,1373,32.8577,-96.9700,,,,,357.0,731.0,1089.0,2621.0,45985.0,97260.0,109943.0,155037.0,191615.0,216290.0,240373.0
95, Hialeah,  Florida,238942,55.7,4245,25.8699,-80.3029,,,,,,2600.0,3958.0,19676.0,66972.0,102452.0,145254.0,188004.0,226419.0,224669.0,239673.0
96, Fremont,  California,237807,200.7,1161,37.4945,-121.9412,,,,,,,,,43790.0,100869.0,131945.0,173339.0,203413.0,214089.0,234962.0
97, Boise,  Idaho,228790,212.6,1049,43.6002,-116.2317,1899.0,2311.0,5957.0,17358.0,21393.0,21544.0,26130.0,34393.0,34481.0,74990.0,102249.0,125738.0,185787.0,205671.0,226570.0
98, Richmond,  Virginia,228783,154.9,1441,37.5314,-77.4760,63600.0,81388.0,85050.0,127628.0,171667.0,182929.0,193042.0,230310.0,219958.0,249621.0,219214.0,203056.0,197790.0,204214.0,227032.0
99, Baton Rouge,  Louisiana,221599,222.5,1024,30.4422,-91.1309,7197.0,10478.0,11269.0,14897.0,21782.0,30729.0,34719.0,125629.0,152419.0,165921.0,220394.0,219531.0,227818.0,229493.0,225374.0
100, Spokane,  Washington,219190,177.9,1214,47.6669,-117.4333,350.0,19922.0,36848.0,104402.0,104437.0,115514.0,122001.0,161721.0,181608.0,170516.0,171300.0,177196.0,195629.0,208916.0,217108.0
101, Des Moines,  Iowa,216853,230.2,936,41.5726,-93.6102,22408.0,50093.0,62139.0,86368.0,126468.0,142559.0,159819.0,177965.0,208982.0,201404.0,191003.0,193187.0,198682.0,203433.0,217521.0
102, Tacoma,  Washington,216279,128.7,1641,47.2522,-122.4598,1098.0,36006.0,37714.0,83743.0,96965.0,106817.0,109408.0,143673.0,147979.0,154407.0,158501.0,176664.0,193556.0,198397.0,
103, San Bernardino,  California,215941,159.3,1358,34.1416,-117.2936,1673.0,4012.0,6150.0,12779.0,18721.0,37481.0,43646.0,63058.0,91922.0,106869.0,118794.0,164164.0,185401.0,209924.0,216995.0
104, Modesto,  California,215030,111.4,1905,37.6375,-121.0030,1693.0,2402.0,2024.0,4034.0,9241.0,13842.0,16379.0,17389.0,36585.0,61712.0,106963.0,164730.0,188856.0,201165.0,214221.0
105, Fontana,  California,213739,111.4,1883,34.1090,-117.4629,,,,,,,,,14659.0,20673.0,36804.0,87535.0,128929.0,196069.0,211815.0
106, Santa Clarita,  California,210089,136.8,1331,34.4030,-118.5042,,,,,,,,2895.0,15212.0,50086.0,66730.0,110642.0,151088.0,176320.0,210888.0
107, Birmingham,  Alabama,209880,378.4,561,33.5274,-86.7990,3086.0,26178.0,38415.0,132685.0,178806.0,259678.0,267583.0,326037.0,340887.0,300910.0,284413.0,265968.0,242840.0,212237.0,
108, Oxnard,  California,209877,69.7,2984,34.2023,-119.2046,,,,2555.0,4417.0,6285.0,8519.0,21567.0,40265.0,71225.0,108195.0,142216.0,170358.0,197899.0,210037.0
109, Fayetteville,  North Carolina,209468,382.5,535,35.0828,-78.9735,3485.0,4222.0,4670.0,7045.0,8877.0,13049.0,17428.0,34715.0,47106.0,53510.0,59507.0,112948.0,121015.0,200782.0,209889.0
110, Moreno Valley,  California,209050,132.9,1547,33.9233,-117.2057,,,,,,,,,,,,118779.0,142381.0,193365.0,207226.0
111, Rochester,  New York,206284,92.7,2253,43.1699,-77.6169,89366.0,133856.0,162608.0,218149.0,295750.0,328132.0,324975.0,332488.0,318611.0,296233.0,241741.0,231636.0,219773.0,210565.0,208046.0
112, Glendale,  California,201361,78.7,2551,34.1814,-118.2458,,,,2746.0,13536.0,62736.0,82582.0,95702.0,119442.0,132664.0,139060.0,180038.0,194973.0,191719.0,203054.0
113, Huntington Beach,  California,200641,69.7,2880,33.6906,-118.0093,,,,,,3690.0,3738.0,5237.0,11492.0,115960.0,170505.0,181519.0,189594.0,189992.0,201874.0
114, Salt Lake City,  Utah,200591,288.0,673,40.7769,-111.9310,20768.0,44843.0,53531.0,92777.0,116110.0,140267.0,149934.0,182121.0,189454.0,175885.0,163034.0,159936.0,181743.0,186440.0,200544.0
115, Grand Rapids,  Michigan,200217,115.0,1708,42.9612,-85.6556,32016.0,60278.0,87565.0,112571.0,137634.0,168592.0,164292.0,176515.0,177313.0,197649.0,181843.0,189126.0,197800.0,188040.0,
116, Amarillo,  Texas,199924,262.6,760,35.1999,-101.8302,,482.0,1442.0,9957.0,15494.0,43132.0,51686.0,74246.0,137969.0,127010.0,149230.0,157571.0,173627.0,190695.0,199826.0
117, Yonkers,  New York,199663,46.6,4307,40.9459,-73.8674,18892.0,32033.0,47931.0,79803.0,100176.0,134646.0,142598.0,152798.0,190634.0,204297.0,195351.0,188082.0,196086.0,195976.0,202019.0
118, Aurora,  Illinois,199602,116.3,1729,41.7635,-88.2901,11873.0,19688.0,24147.0,29800.0,36300.0,46589.0,47200.0,50600.0,63715.0,74200.0,81293.0,99581.0,142990.0,197899.0,200965.0
119, Montgomery,  Alabama,198218,413.9,483,32.3472,-86.2661,16713.0,21883.0,30346.0,38136.0,43464.0,66079.0,78084.0,106525.0,134393.0,133386.0,177857.0,187106.0,201568.0,205764.0,199518.0
120, Akron,  Ohio,198006,160.6,1231,41.0805,-81.5214,16512.0,27601.0,42728.0,69067.0,208435.0,255040.0,244791.0,274605.0,290351.0,275425.0,237177.0,223019.0,217074.0,199110.0,197846.0
121, Little Rock,  Arkansas,197881,307.4,646,34.7254,-92.3586,13138.0,25874.0,38307.0,45941.0,65142.0,81679.0,88039.0,102213.0,107813.0,132483.0,159151.0,175795.0,183133.0,193524.0,
122, Huntsville,  Alabama,197318,552.7,349,34.6990,-86.6730,4977.0,7995.0,8068.0,7611.0,8018.0,11554.0,13050.0,16437.0,72365.0,139282.0,142513.0,159789.0,158216.0,180105.0,194585.0
123, Augusta,  Georgia,196939,783.5,252,33.3655,-82.0734,21891.0,33300.0,39441.0,41040.0,52548.0,60342.0,65919.0,71508.0,70626.0,59864.0,47532.0,44639.0,195182.0,195844.0,197166.0
124, Port St. Lucie,  Florida,195248,307.9,601,27.2806,-80.3883,,,,,,,,,,330.0,14690.0,55866.0,88769.0,164603.0,189344.0
125, Grand Prairie,  Texas,194614,187.3,1018,32.6869,-97.0211,,,,994.0,1263.0,1529.0,1595.0,14594.0,30386.0,50904.0,71462.0,99616.0,127427.0,175396.0,193837.0
126, Columbus,  Georgia,194160,560.5,353,32.5102,-84.8749,10123.0,17303.0,17614.0,20554.0,31125.0,43131.0,53280.0,79611.0,116779.0,155028.0,169441.0,178681.0,186291.0,189885.0,194058.0
127, Tallahassee,  Florida,193551,260.0,734,30.4551,-84.2534,2494.0,2934.0,2981.0,5018.0,5637.0,10700.0,16240.0,27237.0,48174.0,72624.0,81548.0,124773.0,150624.0,181376.0,191049.0
128, Overland Park,  Kansas,192536,194.5,971,38.8890,-94.6906,,,,,,,,,21110.0,76623.0,81784.0,111790.0,149080.0,173372.0,191278.0
129, Tempe,  Arizona,192364,103.6,1761,33.3884,-111.9318,135.0,897.0,885.0,1473.0,1963.0,2495.0,2906.0,7684.0,24897.0,63550.0,106919.0,141865.0,158945.0,161719.0,
130, McKinney,  Texas,191645,163.2,1056,33.1985,-96.6680,1479.0,2489.0,4342.0,4714.0,6677.0,7307.0,8555.0,10560.0,13763.0,15193.0,16249.0,21283.0,54369.0,131117.0,181330.0
131, Mobile,  Alabama,189572,361.0,534,30.6684,-88.1002,29132.0,31076.0,38469.0,51521.0,60777.0,68202.0,78720.0,129009.0,202779.0,190026.0,200452.0,196278.0,198915.0,195111.0,190265.0
132, Cape Coral,  Florida,189343,273.5,658,26.6432,-81.9974,,,,,,,,,,10193.0,32103.0,74991.0,102286.0,154305.0,183365.0
133, Shreveport,  Louisiana,188987,277.4,700,32.4669,-93.7922,8009.0,11979.0,16013.0,28015.0,43874.0,76655.0,98167.0,127206.0,164372.0,182064.0,206989.0,198525.0,200145.0,199311.0,192036.0
134, Frisco,  Texas,188170,175.3,933,33.1554,-96.8226,,,,332.0,733.0,618.0,670.0,736.0,1184.0,1845.0,3420.0,6138.0,33714.0,116989.0,
135, Knoxville,  Tennessee,187500,255.1,730,35.9707,-83.9493,9693.0,22535.0,32637.0,36346.0,77818.0,105802.0,111580.0,124769.0,111827.0,174587.0,175045.0,165121.0,173890.0,178874.0,
136, Worcester,  Massachusetts,185877,96.9,1905,42.2695,-71.8078,58291.0,84655.0,118421.0,145986.0,179754.0,195311.0,193694.0,203486.0,186587.0,176572.0,161799.0,169759.0,172648.0,181045.0,
137, Brownsville,  Texas,183392,343.2,536,25.9991,-97.4550,4938.0,6134.0,6305.0,10517.0,11791.0,22021.0,22083.0,35086.0,48040.0,52522.0,84997.0,98962.0,139722.0,175023.0,183299.0
138, Vancouver,  Washington,183012,121.5,1439,45.6349,-122.5957,1722.0,3545.0,3126.0,9300.0,12637.0,15766.0,18788.0,41664.0,32464.0,41859.0,42834.0,46380.0,143560.0,161791.0,175673.0
139, Fort Lauderdale,  Florida,182595,89.6,1995,26.1412,-80.1467,,,91.0,336.0,2257.0,8668.0,17996.0,36328.0,83648.0,139122.0,153279.0,149238.0,152397.0,165521.0,180072.0
140, Sioux Falls,  South Dakota,181883,195.3,893,43.5383,-96.7320,2164.0,10177.0,10266.0,14094.0,25202.0,33362.0,40832.0,52969.0,65466.0,72488.0,81182.0,100814.0,123975.0,153888.0,
141, Ontario,  California,181107,129.2,1340,34.0394,-117.6042,,683.0,722.0,4274.0,7280.0,13583.0,14197.0,22872.0,46617.0,64118.0,88820.0,133179.0,158007.0,163924.0,175841.0
142, Chattanooga,  Tennessee,180557,370.6,479,35.0660,-85.2484,12892.0,29100.0,30154.0,44604.0,57895.0,119798.0,128613.0,131041.0,130009.0,119923.0,169514.0,152466.0,155554.0,167674.0,
143, Providence,  Rhode Island,179335,47.7,3760,41.8231,-71.4188,104857.0,132146.0,175597.0,223326.0,237595.0,252981.0,253504.0,248674.0,207498.0,179213.0,156804.0,160728.0,173618.0,178042.0,180393.0
144, Newport News,  Virginia,178626,179.0,1016,37.0762,-76.5220,,1234.0,19635.0,20205.0,35596.0,34417.0,37067.0,42358.0,113788.0,138177.0,144903.0,170045.0,180150.0,180719.0,179388.0
145, Rancho Cucamonga,  California,177751,103.6,1704,34.1233,-117.5642,,,,,,,,,,,55250.0,101409.0,127743.0,165269.0,177452.0
146, Santa Rosa,  California,177586,107.0,1637,38.4468,-122.7061,3616.0,5220.0,6673.0,7817.0,8758.0,10636.0,12605.0,17902.0,31027.0,50006.0,82658.0,113313.0,147595.0,167815.0,
147, Oceanside,  California,176080,107.0,1641,33.2245,-117.3062,,,330.0,673.0,1161.0,3508.0,4651.0,12881.0,24971.0,40494.0,76698.0,128398.0,161029.0,167086.0,176193.0
148, Salem,  Oregon,173442,125.9,1330,44.9237,-123.0232,2538.0,3422.0,4258.0,14094.0,17679.0,26266.0,30908.0,43140.0,49142.0,68296.0,89233.0,107786.0,136924.0,154637.0,169798.0
149, Elk Grove,  California,172886,109.3,1553,38.4146,-121.3850,,,,,,,,,2205.0,3721.0,10959.0,17483.0,59984.0,153015.0,171844.0
150, Garden Grove,  California,172646,46.6,3751,33.7788,-117.9605,,,,,,,,,84238.0,121155.0,123307.0,143050.0,165196.0,170883.0,174226.0
151, Pembroke Pines,  Florida,172374,85.5,1973,26.0210,-80.3404,,,,,,,,,1429.0,15496.0,35776.0,65452.0,137427.0,154750.0,170712.0
152, Peoria,  Arizona,172259,455.1,361,33.7862,-112.3080,,,,300.0,2371.0,1748.0,,,2593.0,4792.0,12171.0,50675.0,108364.0,154065.0,168161.0
153, Eugene,  Oregon,171245,114.2,1458,44.0567,-123.1162,1117.0,,3236.0,9009.0,10593.0,18901.0,20838.0,35879.0,50977.0,79028.0,105664.0,112669.0,137893.0,156185.0,168916.0
154, Corona,  California,168819,102.3,1630,33.8620,-117.5655,,,1434.0,3540.0,4129.0,7018.0,8764.0,10223.0,13336.0,27519.0,37791.0,76095.0,124966.0,152374.0,167836.0
155, Cary,  North Carolina,168160,146.3,1109,35.7809,-78.8133,316.0,423.0,333.0,383.0,645.0,909.0,1141.0,1446.0,3356.0,7686.0,21763.0,43858.0,94536.0,135234.0,165904.0
156, Springfield,  Missouri,168122,213.2,785,37.1942,-93.2913,6522.0,21850.0,23267.0,35201.0,39631.0,57527.0,61238.0,66731.0,95865.0,120096.0,133116.0,140494.0,151580.0,159498.0,
157, Fort Collins,  Colorado,167830,144.5,1136,40.5482,-105.0648,1356.0,2011.0,3053.0,8210.0,8755.0,11489.0,12251.0,14937.0,25027.0,43337.0,65092.0,87758.0,118652.0,143986.0,165080.0
158, Jackson,  Mississippi,164422,287.5,588,32.3158,-90.2128,5204.0,5920.0,7816.0,21262.0,22817.0,48282.0,62107.0,98271.0,144422.0,153968.0,202895.0,196637.0,184286.0,173514.0,166965.0
159, Alexandria,  Virginia,160530,38.8,4010,38.8201,-77.0841,13659.0,14339.0,14528.0,15329.0,18060.0,24149.0,33523.0,61787.0,91023.0,110927.0,103217.0,111183.0,128283.0,139966.0,
160, Hayward,  California,159620,117.8,1349,37.6287,-122.1024,1231.0,1419.0,1965.0,2746.0,3487.0,5530.0,6736.0,14272.0,72700.0,93058.0,93585.0,111498.0,140030.0,144186.0,160500.0
161, Lancaster,  California,159053,244.2,656,34.6936,-118.1753,,,,,,,,,26012.0,30948.0,48027.0,97291.0,118718.0,156633.0,160316.0
162, Lakewood,  Colorado,156798,111.1,1390,39.6989,-105.1176,,,,,,,,,19338.0,92743.0,113808.0,126481.0,144126.0,142980.0,154958.0
163, Clarksville,  Tennessee,156794,254.6,590,36.5664,-87.3452,3880.0,7924.0,9431.0,8548.0,8110.0,9242.0,11831.0,16246.0,22021.0,31719.0,54777.0,75494.0,103455.0,132929.0,
164, Palmdale,  California,156667,274.5,573,34.5910,-118.1054,,,,,,,,,11522.0,8511.0,12277.0,68842.0,116670.0,152750.0,157519.0
165, Salinas,  California,156259,61.1,2572,36.6902,-121.6337,1854.0,2339.0,3304.0,3736.0,4308.0,10263.0,11586.0,13917.0,28957.0,58896.0,80479.0,108777.0,151060.0,150441.0,157596.0
166, Springfield,  Massachusetts,155032,82.6,1860,42.1155,-72.5400,33340.0,44179.0,62059.0,88926.0,129614.0,149900.0,149554.0,162399.0,174463.0,163905.0,152319.0,156983.0,152082.0,153060.0,
167, Hollywood,  Florida,154823,70.7,2150,26.0310,-80.1646,,,,,,2689.0,6239.0,14351.0,35237.0,106873.0,121323.0,121697.0,139357.0,140768.0,153627.0
168, Pasadena,  Texas,153219,112.7,1361,29.6586,-95.1506,,,,,,1647.0,3436.0,22483.0,58737.0,89957.0,112560.0,119363.0,141674.0,149043.0,153520.0
169, Sunnyvale,  California,153185,57.0,2681,37.3858,-122.0263,,,,,,3094.0,4373.0,9829.0,59898.0,95976.0,106618.0,117229.0,131760.0,140081.0,153656.0
170, Macon,  Georgia,153095,645.7,236,32.8088,-83.6942,12749.0,22746.0,23272.0,40665.0,52995.0,53829.0,57865.0,70252.0,69764.0,122423.0,116896.0,106612.0,97255.0,91351.0,152663.0
171, Kansas City,  Kansas,152958,323.2,470,39.1225,-94.7418,3200.0,38316.0,51418.0,82331.0,101177.0,121857.0,121458.0,129553.0,121901.0,168213.0,161087.0,149767.0,146866.0,145786.0,152938.0
172, Pomona,  California,152361,59.6,2560,34.0585,-117.7611,,3634.0,5526.0,10207.0,13505.0,20804.0,23539.0,35405.0,67157.0,87384.0,92742.0,131723.0,149473.0,149058.0,152939.0
173, Escondido,  California,152213,96.1,1578,33.1331,-117.0740,,541.0,755.0,,,3421.0,4560.0,6544.0,16377.0,36792.0,64355.0,108635.0,133559.0,143911.0,151969.0
174, Killeen,  Texas,149103,138.6,1030,31.0777,-97.7320,,285.0,780.0,1265.0,1208.0,1260.0,1268.0,7045.0,23377.0,35507.0,46296.0,63535.0,86911.0,127921.0,145482.0
175, Naperville,  Illinois,148304,100.2,1468,41.7492,-88.1620,2073.0,2216.0,2629.0,3449.0,3830.0,5118.0,5272.0,7013.0,12933.0,22794.0,42330.0,85351.0,128358.0,141853.0,147682.0
176, Joliet,  Illinois,148099,166.8,889,41.5177,-88.1488,11657.0,23264.0,29353.0,34670.0,38442.0,42993.0,42365.0,51601.0,66780.0,78827.0,77956.0,76836.0,106221.0,147459.0,148462.0
177, Bellevue,  Washington,147599,86.8,1630,47.5979,-122.1565,,,254.0,150.0,1213.0,1071.0,1177.0,7658.0,12809.0,61196.0,73903.0,86874.0,109569.0,122363.0,144444.0
178, Rockford,  Illinois,146526,164.5,898,42.2588,-89.0646,13120.0,23584.0,31051.0,45401.0,64651.0,85864.0,84637.0,92927.0,126706.0,147370.0,139712.0,139426.0,150115.0,152871.0,147051.0
179, Savannah,  Georgia,145862,268.3,547,32.0025,-81.1536,30709.0,43189.0,54244.0,65064.0,83252.0,85024.0,95996.0,119638.0,149245.0,118349.0,141654.0,137560.0,131510.0,136286.0,
180, Paterson,  New Jersey,145627,21.8,6800,40.9148,-74.1628,51031.0,78347.0,105171.0,125600.0,135875.0,138513.0,139656.0,139336.0,143663.0,144824.0,137970.0,140891.0,149222.0,146199.0,
181, Torrance,  California,145182,53.1,2770,33.8350,-118.3414,,,,,,7271.0,9950.0,22241.0,100991.0,134968.0,129881.0,133107.0,137946.0,145438.0,146758.0
182, Bridgeport,  Connecticut,144900,41.7,3500,41.1874,-73.1958,27643.0,48866.0,70996.0,102054.0,143555.0,146716.0,147121.0,158709.0,156748.0,156542.0,142546.0,141686.0,139529.0,144229.0,146579.0
183, McAllen,  Texas,143433,151.3,940,26.2322,-98.2464,,,,150.0,5331.0,9074.0,11877.0,20067.0,32728.0,37636.0,66281.0,89000.0,106414.0,129877.0,142696.0
184, Mesquite,  Texas,142816,122.2,1176,32.7629,-96.5888,,135.0,406.0,687.0,674.0,729.0,1045.0,1696.0,27526.0,55131.0,67053.0,101484.0,124523.0,139824.0,143949.0
185, Syracuse,  New York,142749,64.7,2214,43.0410,-76.1436,51792.0,88143.0,108374.0,137249.0,171717.0,209326.0,205967.0,220583.0,216038.0,197208.0,170105.0,163855.0,146070.0,145170.0,143396.0
186, Midland,  Texas,142344,192.7,698,32.0246,-102.1135,,,,2192.0,1795.0,5484.0,9352.0,21713.0,62625.0,59463.0,70525.0,89443.0,94996.0,111147.0,136089.0
187, Pasadena,  California,141371,59.6,2385,34.1606,-118.1396,391.0,4882.0,9117.0,30291.0,45354.0,76086.0,81864.0,104577.0,116407.0,112951.0,118072.0,131591.0,133936.0,137122.0,142647.0
188, Murfreesboro,  Tennessee,141344,144.8,910,35.8522,-86.4160,3800.0,3739.0,3999.0,4679.0,5367.0,7993.0,9495.0,13052.0,18991.0,26360.0,32845.0,44922.0,68816.0,108755.0,
189, Miramar,  Florida,140823,76.1,1818,25.9770,-80.3358,,,,,,,,,5485.0,23997.0,32813.0,40663.0,72739.0,122041.0,140328.0
190, Dayton,  Ohio,140640,144.3,974,39.7774,-84.1996,38678.0,61220.0,85333.0,116577.0,152559.0,200982.0,210718.0,243872.0,262332.0,243601.0,193536.0,182044.0,166179.0,141759.0,140371.0
191, Fullerton,  California,139640,58.0,2425,33.8857,-117.9280,,,,1725.0,4415.0,10860.0,10442.0,13958.0,56180.0,85987.0,102246.0,114144.0,126003.0,135161.0,140392.0
192, Olathe,  Kansas,139605,157.7,859,38.8843,-94.8195,2285.0,3294.0,3451.0,3272.0,3268.0,3656.0,3979.0,5593.0,10987.0,17921.0,37258.0,63440.0,92962.0,125872.0,137472.0
193, Orange,  California,139484,65.8,2136,33.7870,-117.8613,679.0,866.0,1216.0,2920.0,4884.0,8066.0,7901.0,10027.0,26444.0,77365.0,91450.0,110658.0,128821.0,136416.0,140560.0
194, Thornton,  Colorado,139436,92.5,1478,39.9194,-104.9428,,,,,,,,,11353.0,13326.0,42054.0,55031.0,82384.0,118772.0,136978.0
195, Roseville,  California,139117,111.4,1191,38.7690,-121.3189,258.0,345.0,,2608.0,4477.0,6425.0,6653.0,8723.0,13421.0,18221.0,24347.0,44685.0,79921.0,118788.0,135329.0
196, Denton,  Texas,138541,241.9,553,33.2166,-97.1414,1194.0,2558.0,4187.0,4732.0,7626.0,9587.0,11192.0,21372.0,26844.0,39874.0,48063.0,66270.0,80537.0,113383.0,136268.0
197, Waco,  Texas,138183,230.5,580,31.5601,-97.1860,7295.0,14445.0,20686.0,26425.0,38500.0,52848.0,55982.0,84706.0,97808.0,95326.0,101261.0,103590.0,113726.0,124805.0,136436.0
198, Surprise,  Arizona,138161,279.5,470,33.6706,-112.4527,,,,,,,,,,2427.0,3723.0,7122.0,30848.0,117517.0,134085.0
199, Carrollton,  Texas,136879,94.0,1419,32.9884,-96.8998,,,,,573.0,689.0,921.0,1610.0,4242.0,13855.0,40595.0,82169.0,109576.0,119097.0,135710.0
200, West Valley City,  Utah,136401,91.9,1485,40.6885,-112.0118,,,,,,,,,,,72299.0,86976.0,108896.0,129480.0,136170.0
201, Charleston,  South Carolina,136208,282.3,476,32.8179,-79.9590,49984.0,54955.0,55807.0,58833.0,67957.0,62265.0,71275.0,70174.0,60288.0,66945.0,69779.0,80414.0,96650.0,120083.0,138036.0
202, Warren,  Michigan,134587,89.1,1517,42.4929,-83.0250,,,890.0,2346.0,6780.0,24024.0,23658.0,42653.0,89246.0,179260.0,161134.0,144864.0,138247.0,134056.0,135022.0
203, Hampton,  Virginia,134313,133.4,1015,37.0480,-76.2971,2684.0,2513.0,2764.0,5505.0,6138.0,6382.0,5898.0,5966.0,89258.0,120779.0,122617.0,133811.0,146437.0,137436.0,134669.0
204, Gainesville,  Florida,133857,161.4,815,29.6788,-82.3461,,2790.0,3633.0,6183.0,6860.0,10465.0,13757.0,26861.0,29701.0,64510.0,81371.0,84770.0,95447.0,124354.0,132249.0
205, Visalia,  California,133800,97.1,1349,36.3273,-119.3289,1412.0,2885.0,3085.0,4550.0,5753.0,7263.0,8904.0,11749.0,15791.0,27130.0,49729.0,75636.0,91565.0,124442.0,133010.0
206, Coral Springs,  Florida,133507,61.6,2110,26.2707,-80.2593,,,,,,,,,,1489.0,37349.0,79443.0,117549.0,121096.0,133037.0
207, Columbia,  South Carolina,133451,345.8,388,34.0291,-80.8980,10036.0,15353.0,21108.0,26319.0,37524.0,51581.0,62396.0,86914.0,97433.0,112542.0,101208.0,98052.0,116278.0,129272.0,133114.0
208, Cedar Rapids,  Iowa,133174,183.4,715,41.9670,-91.6778,10104.0,18020.0,25656.0,32811.0,45566.0,56097.0,62120.0,72296.0,92035.0,110642.0,110243.0,108772.0,120758.0,126326.0,132228.0
209, Sterling Heights,  Michigan,132964,94.5,1401,42.5812,-83.0303,,,,,,,3648.0,6509.0,14622.0,61365.0,108999.0,117810.0,124471.0,129699.0,132631.0
210, New Haven,  Connecticut,130418,48.4,2683,41.3108,-72.9250,62882.0,86045.0,108027.0,133605.0,162537.0,162665.0,160605.0,164443.0,152048.0,137707.0,126021.0,130474.0,123626.0,129779.0,131014.0
211, Stamford,  Connecticut,129775,97.4,1326,41.0799,-73.5460,2540.0,10396.0,15997.0,25138.0,35096.0,46346.0,47938.0,74293.0,92713.0,108798.0,102466.0,108056.0,117083.0,122643.0,131000.0
212, Concord,  California,129688,79.0,1630,37.9722,-122.0016,399.0,373.0,586.0,703.0,912.0,1125.0,1373.0,6953.0,36208.0,85164.0,103251.0,111348.0,121780.0,122067.0,129270.0
213, Kent,  Washington,129618,87.3,1461,47.3880,-122.2127,,853.0,755.0,1908.0,2282.0,2320.0,2586.0,3278.0,9017.0,17711.0,22961.0,37960.0,79524.0,92411.0,128458.0
214, Santa Clara,  California,129488,47.7,2643,37.3646,-121.9679,2416.0,2891.0,3650.0,4348.0,5220.0,6302.0,6650.0,11702.0,58880.0,86118.0,87700.0,93613.0,102361.0,116468.0,127134.0
215, Elizabeth,  New Jersey,128885,31.9,4038,40.6664,-74.1935,28229.0,37764.0,52130.0,73409.0,95783.0,114589.0,109912.0,112817.0,107698.0,112654.0,106201.0,110002.0,120568.0,124969.0,
216, Round Rock,  Texas,128739,92.2,1311,30.5252,-97.6660,628.0,1438.0,1138.0,1245.0,900.0,1005.0,1173.0,1683.0,2458.0,2811.0,12740.0,30923.0,61136.0,99887.0,
217, Thousand Oaks,  California,127690,143.0,902,34.1933,-118.8742,,,,,,,,1243.0,2934.0,35873.0,77072.0,104352.0,117005.0,126683.0,128995.0
218, Lafayette,  Louisiana,126143,139.3,916,30.2074,-92.0285,815.0,2106.0,3314.0,6392.0,7855.0,14635.0,19210.0,33541.0,40400.0,68908.0,80584.0,94440.0,110257.0,120623.0,126848.0
219, Athens,  Georgia,125964,301.5,410,33.9496,-83.3701,6099.0,8639.0,10245.0,14913.0,16748.0,18192.0,20650.0,28180.0,31355.0,44342.0,42549.0,45734.0,100266.0,115452.0,125691.0
220, Topeka,  Kansas,125904,159.3,796,39.0347,-95.6962,15452.0,31007.0,33608.0,43684.0,50022.0,64120.0,67833.0,78791.0,119484.0,125011.0,115266.0,119883.0,122377.0,127473.0,
221, Simi Valley,  California,125851,107.5,1175,34.2669,-118.7485,,,,,,,,,,59832.0,77500.0,100217.0,111351.0,124237.0,126878.0
222, Fargo,   North Dakota,124844,127.7,950,46.8652,-96.8290,2693.0,5664.0,9589.0,14331.0,21961.0,28619.0,32580.0,38256.0,46662.0,53365.0,61383.0,74111.0,90599.0,105549.0,
223, Norman,  Oklahoma,123471,463.1,264,35.2406,-97.3453,,787.0,2225.0,3724.0,5004.0,9603.0,11429.0,27006.0,33412.0,52117.0,68020.0,80071.0,95694.0,110925.0,122843.0
224, Columbia,  Missouri,123180,168.3,717,38.951561,-92.328638,3326.0,4000.0,5651.0,9662.0,10392.0,14967.0,18399.0,31974.0,36650.0,58521.0,62061.0,69101.0,84531.0,108500.0,
225, Abilene,  Texas,122999,276.4,442,32.4545,-99.7381,,3194.0,3411.0,9204.0,10274.0,23175.0,26612.0,45570.0,90368.0,89653.0,98315.0,106707.0,115930.0,117063.0,121885.0
226, Wilmington,  North Carolina,122607,133.6,880,34.2092,-77.8858,17350.0,20056.0,20976.0,25748.0,33372.0,32270.0,33407.0,45043.0,44013.0,46169.0,44000.0,55530.0,75838.0,106476.0,119045.0
227, Hartford,  Connecticut,122587,45.1,2735,41.7659,-72.6816,42015.0,53230.0,79850.0,98915.0,138036.0,164072.0,166267.0,177397.0,162178.0,158017.0,136392.0,139739.0,121578.0,124775.0,
228, Victorville,  California,122312,189.8,644,34.5277,-117.3536,,,,,,,,,,10845.0,14220.0,40674.0,64029.0,115903.0,122441.0
229, Pearland,  Texas,122149,119.9,947,29.5558,-95.3231,,,,,,,,,1497.0,6444.0,13248.0,18697.0,37640.0,91252.0,119940.0
230, Vallejo,  California,121913,79.5,1525,38.1079,-122.2640,5987.0,6343.0,7965.0,11340.0,21107.0,16072.0,20072.0,26038.0,60877.0,71710.0,80303.0,109199.0,116760.0,115942.0,122105.0
231, Ann Arbor,  Michigan,121890,72.8,1659,42.2761,-83.7309,8061.0,9431.0,14509.0,14817.0,19516.0,26944.0,29815.0,48251.0,67340.0,100035.0,107969.0,109592.0,114024.0,113934.0,121477.0
232, Berkeley,  California,121643,27.2,4458,37.8670,-122.2991,,5101.0,13214.0,40434.0,56036.0,82109.0,85547.0,113805.0,111268.0,114091.0,103328.0,102724.0,102743.0,112580.0,122324.0
233, Allentown,  Pennsylvania,121433,45.3,2657,40.5936,-75.4784,18063.0,25288.0,35416.0,51913.0,73502.0,92563.0,96904.0,106756.0,108347.0,109871.0,103758.0,105301.0,106632.0,118032.0,121283.0
234, Richardson,  Texas,120981,74.1,1530,32.9723,-96.7081,,,,,,629.0,720.0,1289.0,16810.0,48405.0,72496.0,74840.0,91802.0,99223.0,116783.0
235, Odessa,  Texas,120568,117.1,1007,31.8838,-102.3411,,,,,,2407.0,9573.0,29495.0,80338.0,78380.0,90027.0,89699.0,90943.0,99940.0,116861.0
236, Arvada,  Colorado,120492,100.0,1175,39.8337,-105.1503,,,,840.0,915.0,1276.0,1482.0,2359.0,19242.0,49844.0,84576.0,89235.0,102153.0,106433.0,118807.0
237, Cambridge,  Massachusetts,118977,16.6,6675,42.3760,-71.1187,52669.0,70028.0,91886.0,104839.0,109694.0,113643.0,110879.0,120740.0,107716.0,100361.0,95322.0,95802.0,101355.0,105162.0,
238, Sugar Land,  Texas,118600,88.1,1347,29.5994,-95.6142,,,,,,,,2285.0,2802.0,3318.0,8826.0,24529.0,63328.0,78817.0,
239, Beaumont,  Texas,118428,212.6,556,30.0849,-94.1453,,3296.0,9427.0,20640.0,40422.0,57732.0,59061.0,94014.0,119175.0,117548.0,118067.0,114177.0,113866.0,118296.0,119114.0
240, Lansing,  Michigan,118427,101.3,1146,42.7143,-84.5593,8319.0,13102.0,16485.0,31229.0,57327.0,78397.0,78753.0,92129.0,107807.0,131403.0,130414.0,127321.0,119128.0,114297.0,
241, Evansville,  Indiana,117963,122.5,975,37.9877,-87.5347,29280.0,50756.0,59007.0,69647.0,85264.0,102249.0,97962.0,128636.0,141543.0,138764.0,130496.0,126272.0,121582.0,117429.0,118930.0
242, Rochester,  Minnesota,116961,141.4,806,44.0154,-92.4772,5103.0,5321.0,6843.0,7844.0,13722.0,20621.0,28312.0,29885.0,40663.0,53766.0,57890.0,70745.0,85806.0,106769.0,115733.0
243, Independence,  Missouri,116925,201.5,581,39.0855,-94.3521,3146.0,6380.0,6974.0,9859.0,11686.0,15296.0,16066.0,36963.0,62328.0,111630.0,111806.0,112295.0,113288.0,116830.0,117306.0
244, Fairfield,  California,116884,105.9,1083,38.2593,-122.0321,424.0,,,834.0,1008.0,1131.0,1312.0,3118.0,14968.0,44146.0,58099.0,77211.0,96178.0,105321.0,116266.0
245, Provo,  Utah,116702,108.0,1082,40.2453,-111.6448,3432.0,5159.0,6185.0,8925.0,10303.0,14766.0,18071.0,28937.0,36047.0,53131.0,74108.0,86835.0,105166.0,112488.0,117335.0
246, Clearwater,  Florida,116478,67.1,1705,27.9789,-82.7666,,,383.0,1171.0,2427.0,7607.0,10136.0,15581.0,34653.0,52074.0,85170.0,98669.0,108787.0,107685.0,115513.0
247, College Station,  Texas,116218,132.1,849,30.5852,-96.2964,,,,,,,2184.0,7925.0,11396.0,17676.0,37272.0,52456.0,67890.0,93857.0,
248, West Jordan,  Utah,116046,83.7,1360,40.6024,-112.0008,,,,,,,,2107.0,3009.0,4221.0,27192.0,42892.0,68336.0,103712.0,113905.0
249, Carlsbad,  California,115877,97.6,1167,33.1239,-117.2828,,,,,,,,,9253.0,14944.0,35490.0,63126.0,78247.0,105328.0,115330.0
250, El Monte,  California,115586,24.9,4658,34.0746,-118.0291,,,,,1283.0,3479.0,4746.0,8101.0,13163.0,69892.0,79494.0,106209.0,115965.0,113475.0,116109.0
251, Murrieta,  California,114985,87.0,1283,33.5721,-117.1904,,,,,,,,,,,,1628.0,44282.0,103466.0,
252, Temecula,  California,114742,96.6,1170,33.4931,-117.1317,,,,,,,,,,,1783.0,27099.0,57716.0,100097.0,
253, Springfield,  Illinois,114694,155.7,743,39.7911,-89.6446,19743.0,24963.0,34159.0,51678.0,59183.0,71864.0,75503.0,81628.0,83271.0,91753.0,99637.0,105227.0,111454.0,116250.0,114868.0
254, Palm Bay,  Florida,114194,170.2,647,27.9856,-80.6626,,,,,,,,,2808.0,7176.0,18560.0,62632.0,79413.0,103190.0,111657.0
255, Costa Mesa,  California,113615,40.7,2775,33.6659,-117.9123,,,,,,,,,37550.0,72660.0,82562.0,96357.0,108724.0,109960.0,113825.0
256, Westminster,  Colorado,113479,82.1,1387,39.8822,-105.0644,,,,,235.0,436.0,534.0,1686.0,13850.0,19512.0,50211.0,74625.0,100940.0,106114.0,112812.0
257, North Charleston,  South Carolina,113237,190.9,573,32.9178,-80.0650,,,,,,,,,,,62479.0,70218.0,79641.0,97471.0,110861.0
258, Miami Gardens,  Florida,113069,47.1,2398,25.9489,-80.2436,,,,,,,,,,,,116713.0,124656.0,107167.0,113750.0
259, Manchester,  New Hampshire,112525,85.7,1289,42.9849,-71.4441,32630.0,44126.0,56987.0,70063.0,78384.0,76834.0,77685.0,82732.0,88282.0,87754.0,90936.0,99332.0,107006.0,109565.0,111196.0
260, High Point,  North Carolina,112316,143.0,778,35.9900,-79.9905,1991.0,2500.0,4163.0,9525.0,14302.0,36745.0,38495.0,39973.0,62063.0,63229.0,63380.0,69428.0,85839.0,104371.0,111513.0
261, Downey,  California,112269,32.1,3527,33.9382,-118.1309,,,,,,,,,82505.0,88573.0,82602.0,91444.0,107323.0,111772.0,113092.0
262, Clovis,  California,112022,62.7,1700,36.8282,-119.6849,,,,,1157.0,1316.0,1626.0,2766.0,5546.0,13856.0,33021.0,50323.0,68468.0,95631.0,109691.0
263, Pompano Beach,  Florida,111954,62.2,1760,26.2416,-80.1339,,,,269.0,636.0,2614.0,4427.0,5682.0,15992.0,38587.0,52618.0,72411.0,78191.0,99845.0,110473.0
264, Pueblo,  Colorado,111750,138.8,795,38.2699,-104.6123,3217.0,24558.0,28157.0,41747.0,43050.0,50096.0,52162.0,63685.0,91181.0,97774.0,101686.0,98640.0,102121.0,106595.0,111127.0
265, Elgin,  Illinois,111683,96.9,1158,42.0396,-88.3217,8787.0,17823.0,22433.0,25976.0,27454.0,35929.0,38333.0,44223.0,49447.0,55691.0,63798.0,77010.0,94487.0,108188.0,112456.0
266, Lowell,  Massachusetts,111670,35.2,3139,42.6390,-71.3211,59475.0,77696.0,94969.0,106294.0,112759.0,100234.0,101389.0,97249.0,92107.0,94239.0,92418.0,103439.0,105167.0,106519.0,
267, Antioch,  California,111535,76.1,1456,37.9791,-121.7962,626.0,635.0,674.0,1124.0,1936.0,3563.0,5106.0,11051.0,17035.0,28060.0,43559.0,62195.0,90532.0,102372.0,111674.0
268, West Palm Beach,  Florida,111398,142.7,758,26.7464,-80.1251,,244.0,564.0,1743.0,8659.0,26610.0,33693.0,43162.0,56208.0,57375.0,63305.0,67643.0,82103.0,99919.0,110222.0
269, Peoria,  Illinois,111388,124.8,915,40.7515,-89.6174,29259.0,41024.0,56100.0,66950.0,76121.0,104969.0,105087.0,111856.0,103162.0,126963.0,124160.0,113504.0,112936.0,115007.0,112883.0
270, Everett,  Washington,111262,86.2,1264,47.9566,-122.1914,,,7838.0,24814.0,27644.0,30567.0,30224.0,33849.0,40304.0,53622.0,54413.0,69961.0,91488.0,103019.0,110079.0
271, Ventura,  California,111128,56.5,1941,34.2678,-119.2542,1370.0,2320.0,2470.0,2901.0,4156.0,11603.0,13264.0,16534.0,29114.0,57964.0,73774.0,92575.0,100916.0,106433.0,110790.0
272, Centennial,  Colorado,110831,76.4,1439,39.5906,-104.8691,,,,,,,,,,,,,,100377.0,110250.0
273, Lakeland,  Florida,110516,170.7,624,28.0555,-81.9549,,552.0,1180.0,3719.0,7062.0,18554.0,22068.0,30851.0,41350.0,42803.0,47406.0,70576.0,78452.0,97422.0,108054.0
274, Gresham,  Oregon,110158,60.3,1848,45.5023,-122.4416,,,,510.0,1103.0,1635.0,1951.0,3049.0,3944.0,10030.0,33005.0,68235.0,90205.0,105594.0,111053.0
275, Richmond,  California,110146,78.0,1409,37.9523,-122.3606,,,,6802.0,16843.0,20093.0,23642.0,99545.0,71854.0,79043.0,74676.0,87425.0,99216.0,103701.0,110040.0
276, Billings,  Montana,109550,113.2,975,45.7885,-108.5499,587.0,836.0,3211.0,10031.0,15100.0,16386.0,23216.0,31834.0,52851.0,61581.0,66798.0,81151.0,89847.0,104170.0,
277, Inglewood,  California,109419,23.6,4700,33.9561,-118.3443,,,,1536.0,3286.0,19480.0,30114.0,46185.0,63390.0,89985.0,94162.0,109602.0,112580.0,109673.0,110598.0
278, Broken Arrow,  Oklahoma,109171,159.8,672,36.0365,-95.7810,,,1383.0,1576.0,2086.0,1964.0,2074.0,3262.0,5982.0,11787.0,35761.0,58043.0,74859.0,98850.0,
279, Sandy Springs,  Georgia,108797,97.6,1083,33.9315,-84.3687,,,,,,,,,,,46877.0,67842.0,85781.0,93853.0,106739.0
280, Jurupa Valley,  California,108393,111.1,932,34.0026,-117.4676,,,,,,,,,,,,,,94234.0,106028.0
281, Hillsboro,  Oregon,108389,64.7,1624,45.5280,-122.9357,402.0,1246.0,980.0,2016.0,2468.0,3039.0,3747.0,5142.0,8232.0,15365.0,27664.0,37598.0,70187.0,91611.0,106894.0
282, Waterbury,  Connecticut,108093,73.8,1467,41.5585,-73.0367,17806.0,28646.0,45859.0,73141.0,91715.0,99902.0,99314.0,104477.0,107130.0,108033.0,103266.0,108961.0,107271.0,110366.0,108629.0
283, Santa Maria,  California,107408,59.1,1800,34.9332,-120.4438,,,,2260.0,3943.0,7057.0,8522.0,10440.0,20027.0,32749.0,39685.0,61284.0,77423.0,99553.0,107014.0
284, Boulder,  Colorado,107353,64.2,1683,40.0270,-105.2519,3069.0,3330.0,6150.0,9539.0,11006.0,11223.0,12958.0,19999.0,37718.0,66870.0,76685.0,83312.0,94673.0,97385.0,107125.0
285, Greeley,  Colorado,107348,123.8,840,40.4153,-104.7697,1297.0,2395.0,3023.0,8179.0,10958.0,12203.0,15995.0,20354.0,26314.0,38902.0,53006.0,60536.0,76930.0,92889.0,105448.0
286, Daly City,  California,107008,19.7,5409,37.7009,-122.4650,,,,,3779.0,7838.0,9625.0,15191.0,44791.0,66922.0,78519.0,92311.0,103621.0,101123.0,107074.0
287, Meridian,  Idaho,106804,77.2,1384,43.6142,-116.3989,,,,619.0,1000.0,1004.0,1465.0,1810.0,2081.0,2616.0,6658.0,9596.0,34919.0,75092.0,99926.0
288, Lewisville,  Texas,106586,95.1,1101,33.0466,-96.9818,466.0,498.0,,,,853.0,873.0,1516.0,3956.0,9264.0,24273.0,46521.0,77737.0,95290.0,106021.0
289, Davie,  Florida,106558,90.4,1127,26.0791,-80.2850,,,,,,,,,,5859.0,20500.0,47217.0,75720.0,91992.0,105149.0
290, West Covina,  California,106311,41.4,2600,34.0559,-117.9099,,,,,,769.0,1072.0,4499.0,50645.0,68034.0,80292.0,96086.0,105080.0,106098.0,107598.0
291, League City,  Texas,106244,132.6,769,29.4901,-95.1091,,,,,,,,,,10818.0,16578.0,30159.0,45444.0,83560.0,104903.0
292, Tyler,  Texas,105729,146.6,715,32.3173,-95.3059,2423.0,6908.0,8069.0,10400.0,12085.0,17113.0,28279.0,38968.0,51230.0,57770.0,70508.0,75450.0,83650.0,96900.0,104991.0
293, Norwalk,  California,105120,25.1,4226,33.9076,-118.0835,,,,,,,,,88739.0,90164.0,84901.0,94279.0,103298.0,105549.0,106084.0
294, San Mateo,  California,105025,31.3,3317,37.5603,-122.3106,932.0,,1832.0,4384.0,5979.0,13444.0,19403.0,41782.0,69870.0,78991.0,77640.0,85486.0,92482.0,97207.0,104748.0
295, Green Bay,  Wisconsin,104879,117.6,894,44.5207,-87.9842,7476.0,9069.0,23748.0,25216.0,31643.0,37407.0,46205.0,52735.0,62952.0,87829.0,87947.0,96466.0,102313.0,104057.0,105116.0
296, Wichita Falls,  Texas,104576,187.0,560,33.9067,-98.5259,,1978.0,2480.0,8200.0,40079.0,43690.0,45112.0,68042.0,101724.0,96265.0,94201.0,96259.0,104197.0,104553.0,104747.0
297, Sparks,  Nevada,104246,93.0,1080,39.5544,-119.7356,,,,2500.0,3238.0,4508.0,5318.0,8203.0,16618.0,24187.0,40780.0,53667.0,66346.0,90264.0,100888.0
298, Lakewood,  New Jersey,104157,64.0,1575,40.0771,-74.2004,1044.0,,3094.0,5149.0,6110.0,7869.0,8502.0,10809.0,16020.0,25233.0,38464.0,45048.0,60352.0,92843.0,
299, Burbank,  California,103695,45.1,2318,34.1901,-118.3264,,,,,2913.0,16662.0,34337.0,78577.0,90155.0,88871.0,84625.0,93643.0,100316.0,103340.0,104834.0
300, Rialto,  California,103440,57.8,1789,34.1118,-117.3883,,,,,961.0,1642.0,1770.0,3156.0,18567.0,28370.0,37862.0,72388.0,91873.0,99171.0,103562.0
301, Allen,  Texas,103383,70.2,1434,33.0997,-96.6631,96.0,,,,,,,,659.0,1940.0,8314.0,18309.0,43554.0,84246.0,100685.0
302, El Cajon,  California,103241,37.6,2763,32.8017,-116.9604,,,,,469.0,1050.0,1471.0,5600.0,37618.0,52273.0,73892.0,88693.0,94869.0,99478.0,103894.0
303, Las Cruces,  New Mexico,102926,199.2,511,32.3264,-106.7897,,,,3836.0,3989.0,5811.0,8385.0,12325.0,29387.0,37857.0,43377.0,57866.0,74267.0,97618.0,101712.0
304, Renton,  Washington,102153,60.6,1666,47.4761,-122.1920,200.0,406.0,412.0,2740.0,3301.0,4062.0,4488.0,16039.0,18453.0,25878.0,31031.0,41688.0,50052.0,90927.0,101379.0
305, Davenport,  Iowa,102085,162.9,630,41.5541,-90.6040,21831.0,26872.0,35254.0,43028.0,56727.0,60751.0,66039.0,74549.0,88981.0,98469.0,103264.0,95333.0,98359.0,99685.0,102320.0
306, South Bend,  Indiana,101860,107.2,949,41.6769,-86.2690,13280.0,21819.0,35999.0,53684.0,70983.0,104193.0,101268.0,115911.0,132445.0,125850.0,109727.0,105511.0,107789.0,101166.0,102245.0
307, Vista,  California,101224,48.4,2099,33.1895,-117.2386,,,,,,,,1705.0,14795.0,24688.0,35834.0,71872.0,89857.0,93834.0,101568.0
308, Tuscaloosa,  Alabama,101113,185.7,540,33.2065,-87.5346,2418.0,4215.0,5094.0,8407.0,11996.0,20659.0,27493.0,46396.0,63370.0,65773.0,75211.0,77759.0,77906.0,90468.0,100287.0
309, Clinton,  Michigan,100800,72.8,1380,42.5903,-82.9170,,,,,,,,,,,,,,,
310, Edison,  New Jersey,100693,78.0,1309,40.5040,-74.3494,3789.0,3018.0,2801.0,2707.0,5419.0,10025.0,11470.0,16348.0,44799.0,67120.0,70193.0,88680.0,97687.0,99967.0,
311, Woodbridge,  New Jersey,100450,60.3,1680,40.5607,-74.2927,4099.0,4665.0,7631.0,8948.0,13423.0,25266.0,27191.0,35758.0,78846.0,98944.0,90074.0,93086.0,97203.0,99585.0,
312, San Angelo,  Texas,100215,155.1,649,31.4411,-100.4505,,2615.0,,10321.0,10050.0,25308.0,25802.0,52093.0,58815.0,63884.0,73240.0,84462.0,88439.0,93200.0,100119.0
313, Kenosha,  Wisconsin,100164,72.5,1381,42.5822,-87.8456,4039.0,6532.0,11606.0,21371.0,40472.0,50262.0,48765.0,54368.0,67899.0,78805.0,77685.0,80352.0,90352.0,99218.0,99877.0
314, Vacaville,  California,100154,75.1,1332,38.3539,-121.9728,361.0,725.0,1220.0,1177.0,1254.0,1556.0,1614.0,3169.0,10898.0,21690.0,43367.0,71479.0,88625.0,92428.0,100032.0
